{
  "model_type": "random_forest",
  "accuracy": 0.7338,
  "precision": 0.6129,
  "recall": 0.6909,
  "f1_score": 0.0,
  "confusion_matrix": [
    [
      75,
      24
    ],
    [
      17,
      38
    ]
  ],
  "classification_report": {
    "accuracy": 0.7337662337662337,
    "macro avg": {
      "precision": 0.7140603085553997,
      "recall": 0.7242424242424242,
      "f1-score": 0.7174564818543876,
      "support": 154.0
    },
    "weighted avg": {
      "precision": 0.7429623321979564,
      "recall": 0.7337662337662337,
      "f1-score": 0.7368518625063128,
      "support": 154.0
    }
  },
  "training_size": 614,
  "test_size": 154,
  "total_samples": 768,
  "positive_samples": 268,
  "negative_samples": 500
}